id,product_id,name,value,price_modifier,stock,sku
00a738c1-9cf3-4070-86fd-15ebbab8dc3e,101ab42b-4d67-4512-9b28-a7af9e41e8b5,Strength,2mg × 10 vials,0.00,100,HGHFRAGMENT176191-2MG10VIALS
01567220-32cc-44ac-a1ec-45f1179c28a3,6c65b6e2-db2b-4886-9998-e824842a4ce7,weight,5mg/cap,0.00,0,
017cb65c-1afb-40f3-9081-ea7b50a8673b,9e9d68e0-ed90-45dd-a879-c0f0ed3f845b,weight,"1mg, 2mg",0.00,0,
01803a31-fc28-423d-883e-9d210d0008f7,a4a40123-48fb-49fc-b6de-8a58eea0f688,Strength,60mg × 10 vials,243.00,100,RET-60MG-10V
01e41886-0588-4747-b7a1-c36dc905d9f7,040362af-6a5a-4f8a-9206-dd1b8bc18ce7,Dosage,500mg × 10 vials,0.00,100,
034baff8-d712-4d16-89de-cef20054399b,e6419be1-8d75-45a5-aeeb-ab54a043f1b1,weight,"5/5mg, 10/10mg",0.00,0,
0562dc61-1b54-4c19-9469-8d2d1a48a027,1324aaa3-403d-4d0b-89e4-50d041a96953,weight,30mg,0.00,0,
06410367-5b62-4e56-ba1a-168b79195cab,a93d27fc-0c11-4c0f-a4f9-5e130b45ad2c,Weight,"5mg, 10mg, 15mg, 20mg, 30mg",0.00,0,
08dec858-d0be-4c1d-8b38-cfba3a265550,9c33354b-52c8-4498-8637-1c3039118e05,weight,20mg/cap,0.00,0,
0aaaded8-c0c8-4056-97c5-48a6e7a697f0,79e9e155-dc7c-4e0f-b70e-94ddf0fa9aac,Weight,5mg,0.00,0,
0c79a442-d5cf-4d3a-b57d-bce7a6a29801,a4a40123-48fb-49fc-b6de-8a58eea0f688,Strength,30mg × 10 vials,103.00,100,RET-30MG-10V
0d54f806-2a40-451b-8d6c-e0cf5b4a2975,4e686b00-5cf1-455a-8c89-92a0cf9e59fe,Weight,5/50/2/3mg,0.00,0,
0df8a274-4fce-49b7-aab9-4b1832f014a9,46272bb6-3da3-4e7e-a61d-8c7b0fe5bd4f,Dosage,50mg × 10 vials,105.00,100,
13015cc7-24b3-402a-8794-b2b131641898,d1184cf2-13e9-4e6c-8533-3f327298404c,Strength,10mg × 10 vials,0.00,100,MT1-10MG10VIALS
1411f06c-a546-46ba-b7d0-680a9d9762b2,45141802-c832-4e72-a82c-acfa4fb251f1,weight,5mg,0.00,0,
14c70819-b881-4479-b339-13d911f60252,bc1f3995-b956-4ee5-a097-d5b012a6d38c,weight,20mg,0.00,0,
14ce5d89-0442-4047-af41-7cea84a911a6,2972a30d-9808-439e-9a6b-dfddca869121,Strength,15 IU × 10 vials,24.00,100,HGH191AASOMATROPIN-15IU10VIALS
1564cd69-2e93-4888-956e-ef524ecfbc5b,30814c98-d858-45a8-9036-1f21663d54ac,Strength,15mg × 10 vials,28.00,100,SEMAGLUTIDE-15MG10VIALS
16a8aa47-8563-4d7a-b63f-110d7ed36913,7a91f58f-85b2-41be-94a1-54e355392d2d,weight,20mg,0.00,0,
1772d832-d31a-46e7-8025-8344e1d64656,1de74b76-48ce-4c9e-86ec-8d4f12049c3d,weight,10mg,0.00,0,
17e75278-82be-46c2-8940-12a763448c77,4f25dc8a-39bd-499b-9aec-3b32d0517e0f,Dosage,10mg × 10 vials,0.00,100,
187e4e13-3623-4320-9381-f8b128a15c6f,46272bb6-3da3-4e7e-a61d-8c7b0fe5bd4f,Dosage,80mg × 10 vials,175.00,100,
1899698e-cc8b-444c-bf69-a252dfbfd6a8,a4a40123-48fb-49fc-b6de-8a58eea0f688,Strength,15mg × 10 vials,48.00,100,RET-15MG-10V
1a04cfa1-60d5-4e67-b34e-173c656aef8c,4cbc381b-76ab-4a1a-9f3a-1c4781a4c46d,Dosage,5mg × 10 vials,0.00,100,
1b55aded-5169-4d4f-b3b8-196b801c5ffb,921b7494-197f-4c06-a86c-bc5c33039016,Weight,"5mg, 10mg",0.00,0,
1f9d782d-fb20-454a-9be4-5004d4aa569e,7d0c511e-b5bf-44f5-8c59-8e65d09ac1f0,weight,"10mg, 20mg",0.00,0,
218bb142-d853-49cb-b4b9-3566c34682d6,30814c98-d858-45a8-9036-1f21663d54ac,Strength,20mg × 10 vials,38.00,100,SEMAGLUTIDE-20MG10VIALS
21ee1bcc-cf6f-4918-8d37-46f87b90fdcd,e6d9aa25-fb83-4fb5-8c7e-2e953da9b8ce,Weight,5mg,0.00,0,
230a5243-9192-4c75-9991-017e474bf2db,a9d76e10-b9b5-4ae8-9fd8-059d51703037,weight,5mg,0.00,0,
2322eec9-55df-4139-a859-99c3241b3473,b2f9d6d1-857c-4b61-a04d-fdf34c4bf0bd,Strength,2mg × 10 vials,0.00,100,CJC1295WITHDAC-2MG10VIALS
24cbc8e6-a6fe-4f3f-b630-261054d0c04e,210ebddb-3b3d-49b0-a5f3-79b20cd51546,weight,5/5mg,0.00,0,
25ed285d-2b4c-4296-959d-6e6f7c173a7e,b7840511-1a3a-4896-a497-7fa88d9101d2,Weight,"10mg, 20mg",0.00,0,
26e98c8e-0457-44d4-8f17-f8379e2629d2,50038386-cd34-4331-bddd-7c83aad51efa,Weight,"5mg, 10mg",0.00,0,
273a1ebe-885b-490c-ad77-3fb3df738194,4e686b00-5cf1-455a-8c89-92a0cf9e59fe,Weight,10/50/10/5mg,0.00,0,
2888cf42-7300-426f-b0fb-c2cbbd3956f1,a5d0f800-53c0-492f-8d4f-ad553716b041,Weight,10mg,0.00,0,
28f96451-6c88-435e-b444-36453d65d408,50038386-cd34-4331-bddd-7c83aad51efa,Weight,5mg,0.00,0,
2b5ae166-1b3d-425d-8edb-feb526377c3c,a2532583-e241-4661-8e68-94f21f981823,Strength,10mg × 10 vials,0.00,100,MT2MELANOTAN2ACETATE-10MG10VIALS
2b67ac76-7ba3-4022-8f58-7a50e24d8e63,8930d87c-b948-466f-a75e-fac7eb7c957f,weight,10mg,0.00,0,
2b7c2569-cda8-43d1-a727-8eb1a2a2adde,210ebddb-3b3d-49b0-a5f3-79b20cd51546,weight,"5/5mg, 10/10mg",0.00,0,
2bde3024-f58e-4e01-9e80-3a2e0efa8a6e,42179512-e7d3-42ca-8221-6c4669674844,weight,500mcg/cap,0.00,0,
2e6c7278-d5d0-4fde-bc51-6b61cca49a2e,a5d0f800-53c0-492f-8d4f-ad553716b041,Weight,5mg,0.00,0,
2e7482e5-da18-4995-bb42-de7cf096afc8,e6419be1-8d75-45a5-aeeb-ab54a043f1b1,weight,5/5mg,0.00,0,
2edd4a2e-8be5-4ced-bde3-684c920e4f78,139801f1-4514-43ca-a942-b5ef4fe55d27,Weight,600mg,0.00,0,
2ee46d36-ad15-4055-b437-6b8c59c76605,040362af-6a5a-4f8a-9206-dd1b8bc18ce7,Dosage,1000mg × 10 vials,40.00,100,
2f58be2b-e365-4f76-91d8-2b5602fe0624,42179512-e7d3-42ca-8221-6c4669674844,weight,"500mcg/cap, 1000mcg/cap",0.00,0,
307fd446-b0c4-42e7-bc57-b16fda15c25c,46272bb6-3da3-4e7e-a61d-8c7b0fe5bd4f,Dosage,20mg × 10 vials,40.00,100,
309cd207-9e72-4681-b726-19c541d90c66,36f13832-d98a-413e-9f2e-1e627d7a86c4,weight,40mg,0.00,0,
30abf775-2a4d-451a-9f5b-04870a63fbc1,24e430bb-8e82-46c3-b302-5198a2137e73,Weight,10mg,0.00,0,
31278de6-33f5-4fca-93f0-ebb0c6b6cadb,b504b64f-415b-47fa-930c-c7ec2eb89c1d,Weight,5/5mg,0.00,0,
32939da8-4073-4b9d-b70d-f1bbc55e46d3,997286a1-2212-4de6-ba18-6c53c38c9d9b,Weight,5mg,0.00,0,
33b7a9dc-67a5-4eaa-bc41-2c1fa28bc42e,a4a40123-48fb-49fc-b6de-8a58eea0f688,Strength,5mg × 10 vials,0.00,100,RET-5MG-10V
33f5b647-70d2-4f98-a418-121e8831d984,46272bb6-3da3-4e7e-a61d-8c7b0fe5bd4f,Dosage,120mg × 10 vials,235.00,100,
3422c963-1b58-4f68-bf4e-603a2cd018a2,dbb0eaa3-9064-401a-8dbb-02054e7bec4a,Weight,5mg,0.00,0,
34d5d8af-6cb5-47f1-a65c-dbd713743952,16a586f8-9761-4d6f-8b17-4ffb58d19e05,volume,10mL,0.00,0,
3643b4cb-96e0-45bd-8e5a-0a965a21cc21,092419d6-c889-491d-a090-2d286e9520f7,weight,1500mg,0.00,0,
38c6aab0-1ee6-4a94-b3b4-5e8072070151,13429885-ba1b-45b9-9cc3-0f97d39b3c64,Strength,100mg × 10 vials,0.00,100,AHKCU-100MG10VIALS
39600ce7-5b1e-4712-9ac4-1e682821f661,a8c4f9d7-4ee5-437a-9d43-07781025f9d5,weight,10mg,0.00,0,
3b27d2ce-cd16-4676-bb79-c5a1e2abcd83,921b7494-197f-4c06-a86c-bc5c33039016,Weight,10mg,0.00,0,
3b2d48f0-fff5-4b3c-8184-b8a6c6f0886e,7afcbfea-5fe0-42df-b004-93a6cbf236a4,Weight,10mg,0.00,0,
3d5e65b9-ad9a-4e6e-aae7-3b945e49eda2,dc0fd881-638e-405f-98d2-418db65d8b38,weight,50mg/cap,0.00,0,
3df15ade-952d-4dd8-8aab-af0d97573be4,29637bd6-120e-496e-8700-502baf1a4bed,weight,5mg,0.00,0,
3e6c2e6f-a24d-42cf-b50f-3ef5d81fe0b8,02ab2421-436f-434d-b8c6-0db912c3c0b0,Weight,15mg,0.00,0,
3ea9f42f-0f94-41bf-8cb6-b66b2e055ca9,b504b64f-415b-47fa-930c-c7ec2eb89c1d,Weight,10/10mg,0.00,0,
412a8d50-fd23-416d-b887-421ab0ee409f,bf95dfb3-dee5-462c-ba9c-a8842cbdec09,Strength,2mg × 10 vials,0.00,100,MGF-2MG10VIALS
414f5775-b6ad-46b9-9d30-274dc819480b,d30ecc7c-ba30-4d84-9e7b-6c202c2a7346,Weight,5mg,0.00,0,
42c4c774-2793-4bcc-b308-0765fff0196e,7afcbfea-5fe0-42df-b004-93a6cbf236a4,Weight,5mg,0.00,0,
438198a3-eaa8-4efc-be4f-07730692751c,997286a1-2212-4de6-ba18-6c53c38c9d9b,Weight,"2mg, 5mg",0.00,0,
439ea594-c694-4dfc-9314-08d8b5a00a78,02ab2421-436f-434d-b8c6-0db912c3c0b0,Weight,20mg,0.00,0,
444b2a96-8932-4f96-80cf-dbf1469ebe15,b67bf669-c452-4ff9-9d1a-effd1138220d,weight,500/500mcg/cap,0.00,0,
46305c27-c8dd-4cc7-9baf-8839b7b06428,d30ecc7c-ba30-4d84-9e7b-6c202c2a7346,Weight,10mg,0.00,0,
46bc6590-8fdb-499d-a5e7-2c311427666a,c9d90385-324b-42cc-b918-4b49faa902fb,weight,50mg,0.00,0,
46e2d0d4-f45f-4cfc-8e46-a26c7ba7ecf4,8697cfe5-41f0-4321-9c6b-7ec731c03702,Dosage,10mg × 10 vials,0.00,100,
47b91e60-b9c2-4430-a8e0-6c32c4521e06,ace29784-310d-4675-88c4-87967b2d2afa,Dosage,5mg × 10 vials,0.00,100,
486223b3-34f5-4eb2-83f9-fd98d9273c9f,5b45bb77-d575-4d5c-9e30-923f8c4dd11c,weight,10mg,0.00,0,
4897f810-32d7-4c24-b2d3-86c25af76d95,4cbc381b-76ab-4a1a-9f3a-1c4781a4c46d,Dosage,10mg × 10 vials,15.00,100,
48de6563-900b-4afc-ba1b-d7b6ab01322a,e4489d3c-18ee-41d1-bbac-2dd91471d36d,weight,0.5/2/0.5mg/cap,0.00,0,
4970bdc9-fd29-4291-9896-eff87048a040,a279ae74-1533-47b0-bb14-e00c80203c43,Strength,5mg × 10 vials,32.00,100,CJC1295WITHOUTDAC-5MG10VIALS
4a3a2ed1-28c7-4926-8046-80b79d7d0978,a9d76e10-b9b5-4ae8-9fd8-059d51703037,weight,"5mg, 10mg",0.00,0,
4a5eb511-c1e8-47e6-9a6a-a6744675ff40,b97f5f8a-2f0b-4626-aaea-1809d0ed3a2e,Weight,5mg,0.00,0,
4e5320ac-afae-4744-afdc-df2927df0fd2,2e521bde-aabf-4937-958e-4a511ea88756,Dosage,100mg × 10 vials,20.00,100,
4ed12890-b8ef-4008-b142-99b45924a9a9,e6419be1-8d75-45a5-aeeb-ab54a043f1b1,weight,10/10mg,0.00,0,
4ed53777-5e80-412f-a484-618beba29e52,b2f9d6d1-857c-4b61-a04d-fdf34c4bf0bd,Strength,5mg × 10 vials,80.00,100,CJC1295WITHDAC-5MG10VIALS
514c7e46-20e8-477c-84e4-d41985a33bd2,b504b64f-415b-47fa-930c-c7ec2eb89c1d,Weight,"5/5mg, 10/10mg",0.00,0,
53df5aeb-fe92-47da-a727-c1ba46ef62cd,8697cfe5-41f0-4321-9c6b-7ec731c03702,Dosage,40mg × 10 vials,110.00,100,
59381c24-c4db-4962-a215-85f16c03c907,18bc7304-f69b-4e08-9440-a8ff10b1e4c0,Strength,"553mg/ml, 10ml × 10 vials",0.00,100,FATBLASTERLC526-553MGML10ML10VIALS
59b37d8f-39df-460b-8ef5-cfd785d8e736,1b7600b5-b49c-40c5-b02a-5e8a4b8c7b02,Weight,10mg,0.00,0,
59f8cfb0-4c37-4310-8f89-4e8a49f9b0ab,46272bb6-3da3-4e7e-a61d-8c7b0fe5bd4f,Dosage,15mg × 10 vials,30.00,100,
5a2b8669-b279-423c-8c1a-9ef48a0486a3,85af1c22-db75-4f11-9dfc-0a4b5b720475,Strength,75 IU × 10 vials,0.00,100,HMG-75IU10VIALS
5ab1857c-b15c-45f9-a4ac-51a45b19b781,b14dd91e-541e-440c-9027-38e1b50360ad,Weight,15mg,0.00,0,
5b08e2eb-5cbc-429a-862d-6694b9e13b6b,b14dd91e-541e-440c-9027-38e1b50360ad,Weight,20mg,0.00,0,
5ec1d68f-3452-412e-b64b-5b49f0d98fcd,ad15fdb9-4a86-41de-a6c3-b9d7b318b299,Weight,10mg,0.00,0,
5fcf759a-5d5f-4582-a62c-bdd4bad7ce22,dbb0eaa3-9064-401a-8dbb-02054e7bec4a,Weight,"5mg, 10mg",0.00,0,
625b32ee-5048-47c6-b167-1449990f41fa,24e430bb-8e82-46c3-b302-5198a2137e73,Weight,"5mg, 10mg",0.00,0,
627eeee5-eb4e-4958-9c02-5a57bf67bcf4,a8c4f9d7-4ee5-437a-9d43-07781025f9d5,weight,5mg,0.00,0,
62ed01b3-eb51-4db3-9bb7-904ed420ca89,46272bb6-3da3-4e7e-a61d-8c7b0fe5bd4f,Dosage,100mg × 10 vials,215.00,100,
68b10a74-fbf7-4219-bd81-0a1244407d39,9d1b132c-5048-42b5-af48-b7bf30d713eb,Dosage,10mg × 10 vials,97.00,100,
6af52902-5e2c-49aa-9ba0-da6304d76505,4e26cf4d-068b-41df-92f8-b7a4c8c82a3e,weight,10/50/10/10mg,0.00,0,
6ba3f737-e962-44af-8c4d-8c6657b34dd9,a93d27fc-0c11-4c0f-a4f9-5e130b45ad2c,Weight,30mg,0.00,0,
6c72fcab-65bf-49e7-b9ac-26120a7e3e26,6c65b6e2-db2b-4886-9998-e824842a4ce7,weight,10mg/cap,0.00,0,
6e3531ee-e1a1-459d-bc58-12e075b3777c,101ab42b-4d67-4512-9b28-a7af9e41e8b5,Strength,5mg × 10 vials,28.00,100,HGHFRAGMENT176191-5MG10VIALS
702116b1-a126-4067-bd0b-84e70e8ec534,73e21165-85a7-4579-af66-19ed40ca1c41,weight,"12.5mg/cap, 25mg/cap",0.00,0,
704323ff-b9c9-46b0-a0f6-c99858e96baa,ace29784-310d-4675-88c4-87967b2d2afa,Dosage,10mg × 10 vials,16.00,100,
72adf8de-7121-4fb4-ad2d-e7fdf4079a5b,8724211c-55c5-4318-a79a-0f892f42cc0c,Strength,10mg × 10 vials,0.00,100,SS31-10MG10VIALS
72ce4039-c427-4724-bdb9-e7680ca4ff57,209d9686-aad9-4825-bf06-6ead119314aa,weight,20mg,0.00,0,
72e99549-49e0-4bfa-8965-87125222c739,d30ecc7c-ba30-4d84-9e7b-6c202c2a7346,Weight,"5mg, 10mg",0.00,0,
731b5e82-c832-4736-bf80-0bf094c31eb9,963b2f48-f801-4690-b931-5cad40cb15ed,Weight,10mg,0.00,0,
7331f308-f597-4195-b66c-948e408dd34b,42179512-e7d3-42ca-8221-6c4669674844,weight,1000mcg/cap,0.00,0,
73a93bea-b7b3-456c-bc55-a9d17fad9808,30814c98-d858-45a8-9036-1f21663d54ac,Strength,30mg × 10 vials,56.00,100,SEMAGLUTIDE-30MG10VIALS
7461134c-1cc1-4767-8c22-0b073ee9a8e6,7e17e3d0-933f-43b9-a736-61b8d5b1d735,weight,20mg,0.00,0,
753f27c6-5dfc-4b2f-9e03-65003d25e071,5b45bb77-d575-4d5c-9e30-923f8c4dd11c,weight,20mg,0.00,0,
754f6302-771f-4fe8-b995-57544af84549,20a2c5b9-b038-4540-9160-7f38de12e220,Weight,10ml,0.00,0,
7567f824-d974-4443-a1a0-5cb81b151c2c,41ac2dfc-6859-42c3-8c52-3ea6d04f9ec8,weight,10mg,0.00,0,
76bac48a-57e9-4fb2-bc5a-d4aec03e6e31,9c27c54d-4390-4d94-a434-0e5dd1e12020,weight,500mcg/cap,0.00,0,
773448a7-d9c2-4799-a93a-e43fc0e2bdfb,46272bb6-3da3-4e7e-a61d-8c7b0fe5bd4f,Dosage,10mg × 10 vials,15.00,100,
784ac557-59f2-42c4-89d8-8a5904ce8380,7b6abe98-6a0f-498a-b61e-b41f9ececf4b,Weight,10mg,0.00,0,
793fac97-9de8-4dd3-89b1-5251edc4d0e9,f2551b53-5073-43d1-8eed-33c76e127d65,Dosage,50mg × 10 vials,98.00,100,
7c7b9426-d00e-4a8f-85bf-69f207d583a2,bc1f3995-b956-4ee5-a097-d5b012a6d38c,weight,10mg,0.00,0,
7e44b761-50d6-4d51-855d-ce263580c2e8,2972a30d-9808-439e-9a6b-dfddca869121,Strength,24 IU × 10 vials,68.00,100,HGH191AASOMATROPIN-24IU10VIALS
7e9589c3-7285-4460-a2e3-b85e053c0c51,2972a30d-9808-439e-9a6b-dfddca869121,Strength,36 IU × 10 vials,112.00,100,HGH191AASOMATROPIN-36IU10VIALS
8072835b-84e0-4794-9244-2e26093e6d41,3092f865-d97d-4866-9cd3-34ef70f33eb7,volume,10ml,0.00,0,
808e5f2b-ba3e-4508-afdd-2d01bddd7f04,75b9aac2-271b-4a27-8996-9015658cbc84,Strength,5mg × 10 vials,0.00,100,SERMORELINACETATE-5MG10VIALS
8550785f-4cb0-4ecf-b354-5ff758c66356,c1ed92db-8c01-4994-85ab-09100f933089,weight,2mg,0.00,0,
8779498d-89f4-4bd2-bfc8-faedb43f9d51,7afcbfea-5fe0-42df-b004-93a6cbf236a4,Weight,"5mg, 10mg",0.00,0,
88983461-4faa-4d67-b625-70829ad3ee1f,2972a30d-9808-439e-9a6b-dfddca869121,Strength,12 IU × 10 vials,10.00,100,HGH191AASOMATROPIN-12IU10VIALS
894b23e3-5d66-4f00-9965-151ead27b492,dbb0eaa3-9064-401a-8dbb-02054e7bec4a,Weight,10mg,0.00,0,
8a45d09c-529e-4874-9fe5-7bd3fbf8121e,e11880bf-9d98-4846-8484-3fa5856ce278,Weight,5/50/2mg,0.00,0,
8ae237c1-c106-49f7-b660-b7cd13d4557f,381d2c9e-959e-427d-ba4d-9a54fcdba0db,Strength,10000 IU × 10 vials,70.00,100,HCG-10000IU10VIALS
8ba830a7-ab52-46f6-906e-3f6b171f3c4b,73b873d1-635b-44bc-905f-744b22c1dce5,Dosage,60mg × 6 vials,10.00,100,
8c1d1c27-a8d7-4306-8fd8-cfc2341dec4b,9d1b132c-5048-42b5-af48-b7bf30d713eb,Dosage,5mg × 10 vials,51.00,100,
8c9fe093-7f68-424d-a864-9616bf73b629,7b6abe98-6a0f-498a-b61e-b41f9ececf4b,Weight,"5mg, 10mg",0.00,0,
8deca3b6-53bd-42cc-98e2-9a01e5cccea3,2e521bde-aabf-4937-958e-4a511ea88756,Dosage,50mg × 10 vials,0.00,100,
8e2072ae-9a7e-41ac-a845-627767f3c71c,997286a1-2212-4de6-ba18-6c53c38c9d9b,Weight,2mg,0.00,0,
8f101fd5-c279-4105-ac70-42c9d295100d,73b873d1-635b-44bc-905f-744b22c1dce5,Dosage,30mg × 6 vials,0.00,100,
8f493068-51d1-4f07-bb5f-16fafb89da37,305e1ef4-136a-40c8-8a7d-67b6dedabfba,volume,10 ml,0.00,0,
90996082-a9f3-41f7-9529-cfdbd34e120d,7a948b8c-62ad-47b8-b51e-b9b436dee5ff,weight,500mg/cap,0.00,0,
94495eb4-ab23-4da5-a846-aa9288999d54,ff547b4c-ea9e-42f5-8267-a83142ad8d5d,Dosage,1mg × 10 vials,150.00,100,
94e2ae33-f056-4fb5-a507-f2de59eddfc2,a8c4f9d7-4ee5-437a-9d43-07781025f9d5,weight,"5mg, 10mg",0.00,0,
951cc5d3-c774-4943-bcf5-c92d70514324,210ebddb-3b3d-49b0-a5f3-79b20cd51546,weight,10/10mg,0.00,0,
96563ee3-959d-4ee2-a040-06b44833e04e,ad15fdb9-4a86-41de-a6c3-b9d7b318b299,Weight,5mg,0.00,0,
9691213f-505f-4e7d-9ed2-8734d832325a,7b6abe98-6a0f-498a-b61e-b41f9ececf4b,Weight,5mg,0.00,0,
96aa806f-955b-4842-a01d-74369807b494,d6ad9071-13bb-46dc-aa1e-63f8d12dee32,Strength,10mg × 10 vials,0.00,100,CJC1295WITHOUTDACIPA5MG-10MG10VIALS
970b993c-6607-45d7-b42b-b66d9169ee66,b76f2f34-a280-46fc-a2b3-190245e35ac0,Dosage,10mg × 10 vials,0.00,100,
985232a4-73a0-47e9-96ad-58d6c16ab329,7d0c511e-b5bf-44f5-8c59-8e65d09ac1f0,weight,10mg,0.00,0,
996d6008-ae5c-4b4c-8f4e-63a73b4f0ace,58146650-99d8-4088-b1d2-e07b538d3fec,Strength,WA10,5.00,100,BACWATER-WA10
9bcd3264-5fde-4dd1-9328-3e045f47e6f8,46272bb6-3da3-4e7e-a61d-8c7b0fe5bd4f,Dosage,40mg × 10 vials,80.00,100,
9d0827df-8f05-425f-813e-30a7c632469c,704d07c1-e832-41a7-a6b4-57ec8c308ce8,Dosage,5mg × 10 vials,0.00,100,
9ee66acd-53de-47c2-8705-8db0d8f84b2e,a4a40123-48fb-49fc-b6de-8a58eea0f688,Strength,10mg × 10 vials,31.00,100,RET-10MG-10V
a0023009-f979-4803-9998-a2c35409ed29,fac477ec-1831-41e2-a5dc-3ad5fb5f0286,Dosage,30mg × 10 vials,76.00,100,
a0c470f9-5383-4c32-a5b8-3dcc5f15fcad,1cf07a42-1d3d-4746-b497-18ec5e405530,Weight,"5mg, 10mg",0.00,0,
a1d6bb04-639f-4d7c-8785-1fe4df3de954,ce1672ba-ad97-4bb1-80e0-a224422905f6,Weight,5/5mg,0.00,0,
a36744d3-5d28-4e77-9326-bba5d29d35e0,485715f8-9291-473f-accd-f94f68528c61,Strength,10mg × 10 vials,15.00,100,KISSPEPTIN10-10MG10VIALS
a46238e6-9b60-4b0f-90c0-c0cea3cce376,963b2f48-f801-4690-b931-5cad40cb15ed,Weight,"5mg, 10mg",0.00,0,
a4c0e6a3-72bf-4f9f-91ad-7bec0a60038f,60630d03-6ef4-4dcf-aebb-6d7d64d81b2e,weight,20mg,0.00,0,
a4c4441f-3d2d-469a-88f4-fa319e6915dd,8930d87c-b948-466f-a75e-fac7eb7c957f,weight,"10mg, 20mg",0.00,0,
a5edbd56-6a3d-47ae-98c2-d84804279112,cb94eec1-7fd3-41f7-ab49-129efca98bbe,Weight,5mg,0.00,0,
a605d5b9-3964-4d9b-8e14-e0878f0bdac8,f2551b53-5073-43d1-8eed-33c76e127d65,Dosage,10mg × 10 vials,0.00,100,
a67ddd84-3164-46f2-b884-175013faec75,8697cfe5-41f0-4321-9c6b-7ec731c03702,Dosage,20mg × 10 vials,55.00,100,
a6f5dc69-8dc2-42e9-bb2a-038931d12be7,9d1b132c-5048-42b5-af48-b7bf30d713eb,Dosage,20mg × 10 vials,211.00,100,
a8feb164-1ffb-4166-ac32-da15d668a479,02ab2421-436f-434d-b8c6-0db912c3c0b0,Weight,30mg,0.00,0,
a92e6d50-46a0-4e0b-96a2-1b2f023d7e22,18302a9e-c403-4c3f-bea2-43ece4346cd0,Strength,10mg × 10 vials,30.00,100,TB500-10MG10V
aa8df3a9-e273-4936-bbf6-52096186e8ba,a9d76e10-b9b5-4ae8-9fd8-059d51703037,weight,10mg,0.00,0,
ab5fee09-e2ae-4cfb-b24a-3f8ebe30e358,18302a9e-c403-4c3f-bea2-43ece4346cd0,Strength,5mg × 10 vials,0.00,100,TB500-5MG10V
ac00fc06-9d74-4263-9e14-88c5c3fe8248,b7840511-1a3a-4896-a497-7fa88d9101d2,Weight,20mg,0.00,0,
ad1e3914-5784-4299-a1a2-6952b5182647,58146650-99d8-4088-b1d2-e07b538d3fec,Strength,WA3,0.00,100,BACWATER-WA3
af5d29d8-4b37-4fbf-bf2c-5aa84efa2881,79e9e155-dc7c-4e0f-b70e-94ddf0fa9aac,Weight,"5mg, 10mg",0.00,0,
b0ad1076-5907-408d-8ddd-f518a67c8da0,9e9d68e0-ed90-45dd-a879-c0f0ed3f845b,weight,2mg,0.00,0,
b164d9ec-32b8-42f6-b997-978e939244a6,963b2f48-f801-4690-b931-5cad40cb15ed,Weight,5mg,0.00,0,
b20610fb-7afd-4295-be28-832a8d836762,b14dd91e-541e-440c-9027-38e1b50360ad,Weight,30mg,0.00,0,
b3815e6e-3144-40bf-bbea-35726d0d77c8,e11880bf-9d98-4846-8484-3fa5856ce278,Weight,10/50/10mg,0.00,0,
b41bd7b4-8841-4033-8bd7-e98ad98b2afb,a279ae74-1533-47b0-bb14-e00c80203c43,Strength,10mg × 10 vials,102.00,100,CJC1295WITHOUTDAC-10MG10VIALS
b4d14d8a-379d-49df-abe9-dcf0c3f91708,a93d27fc-0c11-4c0f-a4f9-5e130b45ad2c,Weight,10mg,0.00,0,
b5b85569-cd47-45f0-b3c9-5368647b6a55,79e9e155-dc7c-4e0f-b70e-94ddf0fa9aac,Weight,10mg,0.00,0,
b67dd63c-fdd2-4be0-82ca-31509f43cb3d,2e8195eb-9e26-46e1-88ac-148525108581,Weight,20mg,0.00,0,
b76ddc75-b23a-439c-aeab-5afa67fb22fe,b1c933b3-dfda-4536-9eba-2dab0c1e8c74,weight,10mg,0.00,0,
b804cddb-6e84-43b5-8f1b-b33fabcb6480,30814c98-d858-45a8-9036-1f21663d54ac,Strength,5mg × 10 vials,0.00,100,SEMAGLUTIDE-5MG10VIALS
b8f241c8-ef78-4891-b66e-43fffbb42dbe,73e21165-85a7-4579-af66-19ed40ca1c41,weight,12.5mg/cap,0.00,0,
baad9fec-cee1-40c4-831e-fbe56f987f40,a93d27fc-0c11-4c0f-a4f9-5e130b45ad2c,Weight,5mg,0.00,0,
bbfa5c6d-f929-49eb-ada2-a1d18fd6dd6a,ad15fdb9-4a86-41de-a6c3-b9d7b318b299,Weight,"5mg, 10mg",0.00,0,
bc809765-3fb8-47c5-bab4-f0e938a20e50,f1eadc0f-738c-41e9-9dd6-6292067d1cb4,Weight,10ml,0.00,0,
bc88107a-dfcf-493d-a3a0-45fe66b20320,73e21165-85a7-4579-af66-19ed40ca1c41,weight,25mg/cap,0.00,0,
bdd7a14b-4c98-4e0e-b7b8-df0b5e9622df,84bac2ad-fa62-4aa0-9752-679b322d837b,weight,10mg,0.00,0,
bf516b16-845a-4c25-a5bc-7156ad5a5948,485715f8-9291-473f-accd-f94f68528c61,Strength,5mg × 10 vials,0.00,100,KISSPEPTIN10-5MG10VIALS
c005676f-2909-40af-95cf-42ec36966496,75b9aac2-271b-4a27-8996-9015658cbc84,Strength,10mg × 10 vials,60.00,100,SERMORELINACETATE-10MG10VIALS
c00f24ee-5c2c-4e63-8028-818da5d0772a,8ba970a1-cf8b-47bf-8504-267d4fca5776,weight,30mg,0.00,0,
c10dba0f-9108-4ffb-9615-4e5e48e9a2c4,2f16536c-4d04-4584-8eeb-2ee762a0b746,Strength,10mg × 10 vials,70.00,100,CAGRILINTIDE-10MG10VIALS
c1e0c3a5-559b-4180-8095-e1ac951463af,24e430bb-8e82-46c3-b302-5198a2137e73,Weight,5mg,0.00,0,
c28316ac-50ad-491e-8fe9-038bca6e0d5d,ce1672ba-ad97-4bb1-80e0-a224422905f6,Weight,"5/5mg, 10/10mg",0.00,0,
c28e6260-cf33-4446-ab79-52e2dd4509bb,bc1f3995-b956-4ee5-a097-d5b012a6d38c,weight,"10mg, 20mg",0.00,0,
c4422d4d-bd8f-4dd8-90c8-d59607a669c0,ff547b4c-ea9e-42f5-8267-a83142ad8d5d,Dosage,0.1mg × 10 vials,0.00,100,
c61cdb2b-1ad7-4926-b514-7d9c9897985c,41ac2dfc-6859-42c3-8c52-3ea6d04f9ec8,weight,"5mg, 10mg",0.00,0,
c8c73c27-8424-42e0-ba88-9620e6ebcc99,89ba3d25-ae02-4648-85ff-5360d032f26e,weight,50mg,0.00,0,
c917d6fa-a19e-45ee-83ae-df85a696bb02,84bac2ad-fa62-4aa0-9752-679b322d837b,weight,20mg,0.00,0,
c9467845-f44a-4342-9495-5cf2aeb7cb7e,1cf07a42-1d3d-4746-b497-18ec5e405530,Weight,5mg,0.00,0,
c969725c-3fc2-4feb-9d46-51ffa729f878,46272bb6-3da3-4e7e-a61d-8c7b0fe5bd4f,Dosage,5mg × 10 vials,0.00,100,
ca23d5f1-478d-4e2d-b428-5e1895ee4fa6,5062af94-e313-441f-b8bb-fe21bf8eb7c6,weight,50mg/cap,0.00,0,
ca3c82f8-a7d8-4dc8-beb7-21e2ac8db0f8,2e8195eb-9e26-46e1-88ac-148525108581,Weight,"20mg, 40mg",0.00,0,
ca4cb87f-2ad5-45a5-b867-112f4e9006e3,caf566ce-fa43-4a69-a26f-edfaca228839,weight,500mcg/cap,0.00,0,
ca6257ad-686f-4164-90b6-8f6d174b7b4d,fac477ec-1831-41e2-a5dc-3ad5fb5f0286,Dosage,10mg × 10 vials,22.00,100,
ca7ee975-bd2f-45e7-9728-44d8f2b003a8,7030b258-504b-4f58-8a1b-af4a30ca290d,weight,10mg,0.00,0,
cb8c3540-000e-4477-b095-cd21f6ef907b,a93d27fc-0c11-4c0f-a4f9-5e130b45ad2c,Weight,15mg,0.00,0,
cf197c0d-3950-4cbe-87dc-873b0068c97c,381d2c9e-959e-427d-ba4d-9a54fcdba0db,Strength,5000 IU × 10 vials,0.00,100,HCG-5000IU10VIALS
d09a9c2f-e0a7-41e7-a88b-59ca519f52cf,a279ae74-1533-47b0-bb14-e00c80203c43,Strength,2mg × 10 vials,0.00,100,CJC1295WITHOUTDAC-2MG10VIALS
d0d3b08a-3af9-47fa-a309-8241b1052014,8724211c-55c5-4318-a79a-0f892f42cc0c,Strength,50mg × 10 vials,185.00,100,SS31-50MG10VIALS
d272bc7c-0e97-4016-b265-3e3b2cb926b6,84bac2ad-fa62-4aa0-9752-679b322d837b,weight,"10mg, 20mg",0.00,0,
d329a4f3-b262-401c-875f-cf6a81f331e4,a93d27fc-0c11-4c0f-a4f9-5e130b45ad2c,Weight,20mg,0.00,0,
d39211bb-425b-477f-ac0d-b3e53421e555,46272bb6-3da3-4e7e-a61d-8c7b0fe5bd4f,Dosage,60mg × 10 vials,115.00,100,
d402bab1-05b5-4eef-a0f2-c9a58e3e80e0,50038386-cd34-4331-bddd-7c83aad51efa,Weight,10mg,0.00,0,
d53049e5-022d-47e2-9fad-bc05b6eee87d,6c65b6e2-db2b-4886-9998-e824842a4ce7,weight,"5mg/cap, 10mg/cap",0.00,0,
d56afe6d-bdca-43d4-bfa7-e11ac033a290,b14dd91e-541e-440c-9027-38e1b50360ad,Weight,10mg,0.00,0,
d7be87c8-f16e-4e47-9dd2-224ac525b3c6,e11880bf-9d98-4846-8484-3fa5856ce278,Weight,"5/50/2mg, 10/50/10mg",0.00,0,
d86e4a68-4a6b-4426-8042-c4648dcdbb55,9d1b132c-5048-42b5-af48-b7bf30d713eb,Dosage,2mg × 10 vials,0.00,100,
d9bfda0a-6cc2-428a-8444-be322316bb4c,2e8195eb-9e26-46e1-88ac-148525108581,Weight,40mg,0.00,0,
da59dc38-434a-496e-9d88-5368a6af8856,a4a40123-48fb-49fc-b6de-8a58eea0f688,Strength,20mg × 10 vials,59.00,100,RET-20MG-10V
dba3e46f-39f2-476c-aea9-2b569100d040,1cf07a42-1d3d-4746-b497-18ec5e405530,Weight,10mg,0.00,0,
dbf3df33-8051-4c8e-86c1-5ea76b318c05,2972a30d-9808-439e-9a6b-dfddca869121,Strength,10 IU × 10 vials,0.00,100,HGH191AASOMATROPIN-10IU10VIALS
ddb522b2-940b-4b1c-af15-f31180f63c18,ce1672ba-ad97-4bb1-80e0-a224422905f6,Weight,10/10mg,0.00,0,
de923638-9efb-4005-8514-b5183962e36b,19917634-fc56-41a7-9db8-8f33c774d45a,weight,30/30mg,0.00,0,
df28402f-a850-4e68-95b0-68a92564bc6d,704d07c1-e832-41a7-a6b4-57ec8c308ce8,Dosage,10mg × 10 vials,16.00,100,
e00f4191-40cb-486b-83e3-0a696594e6cf,46272bb6-3da3-4e7e-a61d-8c7b0fe5bd4f,Dosage,30mg × 10 vials,60.00,100,
e03b9590-871e-4857-b90b-5c55e1c6d5d1,c33be6ed-f09a-48e4-b9a8-f79d977c936c,weight,1mg,0.00,0,
e6325f57-89a9-4363-b5eb-5f259775d17e,decdf5ce-c378-4c95-949b-cdafcf00c675,weight,500mcg/cap,0.00,0,
e666016d-9f82-49ec-aecc-fac9f57a2d54,939e021f-d69b-4d10-a147-a55637c73dce,weight,1mg,0.00,0,
e82ad92a-55f9-4316-8f40-1128a1c5d65e,2f16536c-4d04-4584-8eeb-2ee762a0b746,Strength,5mg × 10 vials,0.00,100,CAGRILINTIDE-5MG10VIALS
e85054dc-8a04-4141-b54b-55943cf45349,7d0c511e-b5bf-44f5-8c59-8e65d09ac1f0,weight,20mg,0.00,0,
e8f60115-b5e6-423f-898e-b52a67084995,b14dd91e-541e-440c-9027-38e1b50360ad,Weight,5mg,0.00,0,
e93f031d-5a6e-4088-b339-baf2cc3f0c2d,02ab2421-436f-434d-b8c6-0db912c3c0b0,Weight,10mg,0.00,0,
e9d13f4b-6c62-4c07-bfaa-f6419f635bc7,8930d87c-b948-466f-a75e-fac7eb7c957f,weight,20mg,0.00,0,
ed313a9a-4546-4862-bd69-811e6e65862b,02ab2421-436f-434d-b8c6-0db912c3c0b0,Weight,"10mg, 15mg, 20mg, 30mg",0.00,0,
ef3c71ac-02ba-4ccd-8288-9bd04c83a761,b14dd91e-541e-440c-9027-38e1b50360ad,Weight,"5mg, 10mg, 15mg, 20mg, 30mg",0.00,0,
f098d0a8-a4b2-4ae0-bdd3-8a08247a6e3d,4e686b00-5cf1-455a-8c89-92a0cf9e59fe,Weight,"5/50/2/3mg, 10/50/10/5mg",0.00,0,
f18b5238-7372-497a-b0d5-6def417ef875,dedd5761-b04b-494d-b1d6-59d44797ac9a,Battery,1 battery,0.00,25,PIC-1BAT
f406b82e-6a8e-4651-a1eb-90122295c94b,fac477ec-1831-41e2-a5dc-3ad5fb5f0286,Dosage,5mg × 10 vials,0.00,100,
f4587e42-fa37-4ed8-9ce1-3a32fd682e6d,41ac2dfc-6859-42c3-8c52-3ea6d04f9ec8,weight,5mg,0.00,0,
f54088ec-4aaf-4246-9523-b1a64183e9a3,921b7494-197f-4c06-a86c-bc5c33039016,Weight,5mg,0.00,0,
f57e3907-68ce-48bd-bc08-8b2b8aa432b4,a5d0f800-53c0-492f-8d4f-ad553716b041,Weight,"5mg, 10mg",0.00,0,
f851f7d0-a7ab-4c6e-a8de-c063a6903a25,5b45bb77-d575-4d5c-9e30-923f8c4dd11c,weight,"10mg, 20mg",0.00,0,
f898c755-565d-41bb-ab8e-7af496a8c001,139801f1-4514-43ca-a942-b5ef4fe55d27,Weight,1500mg,0.00,0,
fca9db3d-6f6d-4130-bfa9-d23be391743d,dedd5761-b04b-494d-b1d6-59d44797ac9a,Battery,2 battery,18.00,25,PIC-2BAT
fdc2ed29-b713-462c-af04-e8d419d03038,b7840511-1a3a-4896-a497-7fa88d9101d2,Weight,10mg,0.00,0,
fe07f2ff-badf-410c-a657-db13e0588335,139801f1-4514-43ca-a942-b5ef4fe55d27,Weight,"600mg, 1500mg",0.00,0,
ff7a5066-3832-498f-b4da-e2b45400870c,30814c98-d858-45a8-9036-1f21663d54ac,Strength,10mg × 10 vials,18.00,100,SEMAGLUTIDE-10MG10VIALS
ffdff138-61bb-4ecb-a1bb-7b9009303c54,9e9d68e0-ed90-45dd-a879-c0f0ed3f845b,weight,1mg,0.00,0,